<?xml version="1.0" encoding="UTF-8"?>
<metadata modelVersion="1.1.0">
  <groupId>com.midea.oem.iot.base</groupId>
  <artifactId>OEM-Account-SDK</artifactId>
  <version>1.3.12.21-SNAPSHOT</version>
  <versioning>
    <snapshot>
      <timestamp>20220620.035140</timestamp>
      <buildNumber>1</buildNumber>
    </snapshot>
    <lastUpdated>20220620035140</lastUpdated>
    <snapshotVersions>
      <snapshotVersion>
        <extension>pom</extension>
        <value>1.3.12.21-20220620.035140-1</value>
        <updated>20220620035140</updated>
      </snapshotVersion>
      <snapshotVersion>
        <extension>aar</extension>
        <value>1.3.12.21-20220620.035140-1</value>
        <updated>20220620035140</updated>
      </snapshotVersion>
      <snapshotVersion>
        <extension>module</extension>
        <value>1.3.12.21-20220620.035140-1</value>
        <updated>20220620035140</updated>
      </snapshotVersion>
      <snapshotVersion>
        <classifier>sources</classifier>
        <extension>jar</extension>
        <value>1.3.12.21-20220620.035140-1</value>
        <updated>20220620035140</updated>
      </snapshotVersion>
    </snapshotVersions>
  </versioning>
</metadata>
